{"cameraMode":{"drawMode":0,"name":"Shaded","section":"Shading Mode"},"sceneLighting":false,"audioPlay":false,"sceneViewState":{"m_AlwaysRefresh":false,"showFog":true,"showSkybox":false,"showFlares":true,"showImageEffects":true,"showParticleSystems":true,"showVisualEffectGraphs":true,"m_FxEnabled":true},"in2DMode":false,"pivot":{"x":0.5370650887489319,"y":-0.13874457776546479,"z":-0.3560091555118561},"rotation":{"x":-0.014361926354467869,"y":-0.797687292098999,"z":0.021984698250889779,"w":-0.6024275422096252},"size":0.924359917640686,"orthographic":false}