{"cameraMode":{"drawMode":0,"name":"Shaded","section":"Shading Mode"},"sceneLighting":false,"audioPlay":false,"sceneViewState":{"m_AlwaysRefresh":false,"showFog":true,"showSkybox":false,"showFlares":true,"showImageEffects":true,"showParticleSystems":true,"showVisualEffectGraphs":true,"m_FxEnabled":true},"in2DMode":false,"pivot":{"x":-0.9359086751937866,"y":-3.5115675926208498,"z":-3.653367280960083},"rotation":{"x":0.005825879517942667,"y":-0.9344875812530518,"z":0.35567790269851687,"w":0.01031741127371788},"size":3.2683675289154054,"orthographic":false}