{"cameraMode":{"drawMode":0,"name":"Shaded","section":"Shading Mode"},"sceneLighting":false,"audioPlay":false,"sceneViewState":{"m_AlwaysRefresh":false,"showFog":true,"showSkybox":false,"showFlares":true,"showImageEffects":true,"showParticleSystems":true,"showVisualEffectGraphs":true,"m_FxEnabled":true},"in2DMode":false,"pivot":{"x":-0.37469586730003359,"y":2.0511534214019777,"z":2.3431918621063234},"rotation":{"x":0.0036688100080937149,"y":-0.9977737069129944,"z":0.05758075788617134,"w":0.03254994750022888},"size":0.0005173283279873431,"orthographic":false}