{"cameraMode":{"drawMode":0,"name":"Shaded","section":"Shading Mode"},"sceneLighting":false,"audioPlay":false,"sceneViewState":{"m_AlwaysRefresh":false,"showFog":true,"showSkybox":false,"showFlares":true,"showImageEffects":true,"showParticleSystems":true,"showVisualEffectGraphs":true,"m_FxEnabled":true},"in2DMode":false,"pivot":{"x":0.7432853579521179,"y":-0.3771916925907135,"z":0.5895751714706421},"rotation":{"x":0.21545957028865815,"y":0.3131890296936035,"z":-0.07511408627033234,"w":0.9218472242355347},"size":0.8660253882408142,"orthographic":false}