{"cameraMode":{"drawMode":0,"name":"Shaded","section":"Shading Mode"},"sceneLighting":true,"audioPlay":false,"sceneViewState":{"m_AlwaysRefresh":false,"showFog":true,"showSkybox":true,"showFlares":true,"showImageEffects":true,"showParticleSystems":true,"showVisualEffectGraphs":true,"m_FxEnabled":true},"in2DMode":false,"pivot":{"x":-135.55386352539063,"y":-34.286590576171878,"z":678.6964111328125},"rotation":{"x":0.02923780120909214,"y":-0.09643827378749848,"z":0.0009944436606019736,"w":0.9948673248291016},"size":360.0319519042969,"orthographic":false}